{"stat.useItem.20":65,"stat.useItem.21":271,"stat.useItem.152":34,"stat.walkOneCm":2261452,"stat.leaveGame":3,"stat.useItem.24":338,"stat.useItem.162":320,"stat.useItem.164":11,"stat.useItem.76":1,"stat.useItem.123":27,"stat.jump":3453,"stat.swimOneCm":148433,"stat.useItem.126":1,"stat.useItem.323":5,"stat.climbOneCm":1892,"stat.fallOneCm":9101,"achievement.exploreAllBiomes":{"value":0,"progress":["Plains","Desert","Deep Ocean"]},"stat.useItem.35":46,"stat.useItem.89":48,"stat.useItem.136":352,"stat.useItem.85":39,"achievement.openInventory":1961,"stat.useItem.259":3,"stat.damageTaken":7952,"stat.useItem.46":65,"stat.useItem.98":207,"stat.flyOneCm":10206522,"stat.deaths":19,"stat.useItem.7":658,"stat.useItem.12":123,"stat.drop":42,"stat.useItem.50":2,"stat.playOneMinute":2260775,"stat.useItem.1":5,"stat.useItem.109":119,"stat.useItem.5":158,"stat.useItem.3":55,"stat.useItem.13":14,"stat.diveOneCm":1677197}